feature_id,month,maintenance_hours,bug_tickets,commits,incidents
F001,2024-09-01,71.4,6,14,0
F001,2024-10-01,77.9,3,10,2
F001,2024-11-01,85.0,2,12,0
F001,2024-12-01,72.8,4,10,1
F001,2025-01-01,75.9,3,16,0
F001,2025-02-01,80.4,3,14,0
F001,2025-03-01,68.1,1,10,0
F001,2025-04-01,84.7,3,9,0
F001,2025-05-01,78.9,4,16,0
F001,2025-06-01,69.3,7,12,0
F001,2025-07-01,73.1,7,12,0
F001,2025-08-01,82.1,2,22,0
F001,2025-09-01,76.6,4,15,0
F001,2025-10-01,74.8,1,9,0
F001,2025-11-01,78.2,4,13,1
F001,2025-12-01,82.3,4,15,1
F001,2026-01-01,82.7,4,19,0
F001,2026-02-01,68.2,4,8,0
F001,2026-03-01,70.7,5,12,0
F001,2026-04-01,91.3,2,17,0
F001,2026-05-01,80.8,6,18,0
F001,2026-06-01,73.7,5,10,1
F001,2026-07-01,75.2,3,20,0
F001,2026-08-01,65.7,1,8,0
F002,2024-09-01,67.9,5,16,0
F002,2024-10-01,60.9,3,7,2
F002,2024-11-01,45.6,7,6,1
F002,2024-12-01,58.0,4,10,0
F002,2025-01-01,58.8,2,18,0
F002,2025-02-01,59.2,2,11,0
F002,2025-03-01,51.5,3,11,0
F002,2025-04-01,52.8,2,11,1
F002,2025-05-01,51.0,2,12,0
F002,2025-06-01,61.5,2,19,1
F002,2025-07-01,50.5,1,12,1
F002,2025-08-01,68.2,6,14,1
F002,2025-09-01,65.1,1,13,1
F002,2025-10-01,66.4,5,17,1
F002,2025-11-01,64.7,6,17,0
F002,2025-12-01,55.7,2,12,0
F002,2026-01-01,49.9,3,8,0
F002,2026-02-01,43.3,4,9,0
F002,2026-03-01,53.2,8,10,0
F002,2026-04-01,61.8,3,8,0
F002,2026-05-01,54.5,2,15,0
F002,2026-06-01,67.3,2,14,1
F002,2026-07-01,67.8,5,17,0
F002,2026-08-01,51.6,1,9,1
F003,2024-09-01,340.1,36,68,4
F003,2024-10-01,444.6,21,84,2
F003,2024-11-01,388.6,23,66,1
F003,2024-12-01,318.5,19,60,5
F003,2025-01-01,289.2,20,47,2
F003,2025-02-01,313.8,17,53,3
F003,2025-03-01,372.1,27,71,3
F003,2025-04-01,340.0,17,60,2
F003,2025-05-01,292.2,26,66,3
F003,2025-06-01,244.8,34,44,1
F003,2025-07-01,277.2,30,42,2
F003,2025-08-01,266.3,34,44,4
F003,2025-09-01,258.5,35,47,4
F003,2025-10-01,348.4,23,65,3
F003,2025-11-01,346.5,25,69,0
F003,2025-12-01,319.4,28,43,1
F003,2026-01-01,362.3,27,64,2
F003,2026-02-01,374.2,26,60,4
F003,2026-03-01,405.2,21,70,0
F003,2026-04-01,357.1,27,73,0
F003,2026-05-01,298.8,22,48,1
F003,2026-06-01,323.0,37,60,4
F003,2026-07-01,285.1,17,60,3
F003,2026-08-01,376.4,21,86,2
F004,2024-09-01,29.6,3,8,0
F004,2024-10-01,30.8,0,7,0
F004,2024-11-01,34.4,3,6,0
F004,2024-12-01,30.1,2,6,0
F004,2025-01-01,36.7,4,4,0
F004,2025-02-01,27.5,1,4,1
F004,2025-03-01,27.7,5,3,0
F004,2025-04-01,30.7,3,9,0
F004,2025-05-01,29.3,3,1,0
F004,2025-06-01,36.3,3,3,0
F004,2025-07-01,34.8,5,4,0
F004,2025-08-01,29.4,3,3,0
F004,2025-09-01,29.7,3,1,0
F004,2025-10-01,29.9,4,7,0
F004,2025-11-01,30.6,2,3,1
F004,2025-12-01,34.9,1,8,0
F004,2026-01-01,35.9,0,9,0
F004,2026-02-01,31.3,1,3,0
F004,2026-03-01,39.5,3,9,0
F004,2026-04-01,28.9,1,3,0
F004,2026-05-01,31.8,4,1,0
F004,2026-06-01,31.8,2,3,0
F004,2026-07-01,30.9,2,11,0
F004,2026-08-01,28.0,4,2,1
F005,2025-08-01,228.2,6,30,0
F005,2025-09-01,252.5,5,35,0
F005,2025-10-01,169.1,6,24,0
F005,2025-11-01,188.9,4,25,0
F005,2025-12-01,151.0,11,26,1
F005,2026-01-01,126.8,5,19,1
F005,2026-02-01,148.5,9,28,1
F005,2026-03-01,143.9,4,28,0
F005,2026-04-01,132.5,7,19,1
F005,2026-05-01,155.2,7,25,0
F005,2026-06-01,179.4,8,40,0
F005,2026-07-01,158.3,7,33,0
F005,2026-08-01,147.5,2,30,0
F006,2024-09-01,45.3,5,8,0
F006,2024-10-01,54.6,2,10,1
F006,2024-11-01,60.3,3,5,1
F006,2024-12-01,66.9,5,14,0
F006,2025-01-01,65.1,3,12,0
F006,2025-02-01,60.9,2,13,0
F006,2025-03-01,55.5,2,7,1
F006,2025-04-01,60.7,0,12,0
F006,2025-05-01,58.8,4,11,0
F006,2025-06-01,57.3,7,10,0
F006,2025-07-01,73.9,2,12,2
F006,2025-08-01,50.1,2,11,1
F006,2025-09-01,48.3,3,6,0
F006,2025-10-01,63.1,2,11,0
F006,2025-11-01,66.1,2,7,0
F006,2025-12-01,62.0,2,11,0
F006,2026-01-01,66.8,3,10,0
F006,2026-02-01,61.9,1,18,0
F006,2026-03-01,63.3,4,10,0
F006,2026-04-01,58.8,5,9,0
F006,2026-05-01,66.5,4,13,0
F006,2026-06-01,60.2,2,9,0
F006,2026-07-01,57.9,3,12,0
F006,2026-08-01,67.2,3,13,0
F007,2024-09-01,340.1,18,62,6
F007,2024-10-01,478.5,44,78,4
F007,2024-11-01,657.7,34,111,1
F007,2024-12-01,477.3,28,81,2
F007,2025-01-01,525.6,28,93,1
F007,2025-02-01,481.4,24,90,4
F007,2025-03-01,435.6,36,84,2
F007,2025-04-01,573.8,27,111,4
F007,2025-05-01,499.3,41,88,2
F007,2025-06-01,472.9,30,96,2
F007,2025-07-01,539.0,34,105,4
F007,2025-08-01,533.6,22,96,4
F007,2025-09-01,573.0,28,94,2
F007,2025-10-01,542.6,26,92,1
F007,2025-11-01,629.0,24,111,1
F007,2025-12-01,543.5,43,117,3
F007,2026-01-01,563.1,37,124,3
F007,2026-02-01,534.5,37,98,0
F007,2026-03-01,644.6,31,122,0
F007,2026-04-01,452.7,23,91,1
F007,2026-05-01,477.1,42,92,2
F007,2026-06-01,518.4,28,108,3
F007,2026-07-01,484.5,38,114,0
F007,2026-08-01,479.9,31,91,1
F008,2025-08-01,355.5,2,78,0
F008,2025-09-01,350.0,8,61,1
F008,2025-10-01,289.8,2,65,2
F008,2025-11-01,272.0,9,54,0
F008,2025-12-01,306.2,6,66,0
F008,2026-01-01,246.3,9,44,0
F008,2026-02-01,233.8,7,43,0
F008,2026-03-01,265.8,10,39,0
F008,2026-04-01,226.4,8,43,0
F008,2026-05-01,195.9,1,26,0
F008,2026-06-01,171.8,2,30,2
F008,2026-07-01,242.8,9,46,1
F008,2026-08-01,236.5,6,46,0
F009,2025-05-01,243.0,15,49,1
F009,2025-06-01,197.0,12,34,0
F009,2025-07-01,207.4,12,42,0
F009,2025-08-01,213.3,9,38,0
F009,2025-09-01,184.4,8,27,1
F009,2025-10-01,217.1,12,37,0
F009,2025-11-01,206.0,10,41,0
F009,2025-12-01,128.9,5,21,1
F009,2026-01-01,188.5,16,35,2
F009,2026-02-01,149.0,8,24,1
F009,2026-03-01,154.2,9,22,3
F009,2026-04-01,182.8,10,36,0
F009,2026-05-01,146.4,6,28,0
F009,2026-06-01,169.1,4,41,0
F009,2026-07-01,168.5,10,39,0
F009,2026-08-01,174.4,6,33,0
F010,2024-09-01,367.0,34,71,3
F010,2024-10-01,341.0,37,71,3
F010,2024-11-01,269.5,41,46,4
F010,2024-12-01,367.5,26,75,1
F010,2025-01-01,381.1,34,59,4
F010,2025-02-01,348.7,27,61,6
F010,2025-03-01,362.3,29,63,0
F010,2025-04-01,384.8,24,72,2
F010,2025-05-01,381.5,30,68,1
F010,2025-06-01,391.4,28,69,1
F010,2025-07-01,451.6,33,73,0
F010,2025-08-01,514.4,27,87,2
F010,2025-09-01,446.0,35,88,1
F010,2025-10-01,404.5,34,75,3
F010,2025-11-01,308.9,28,46,2
F010,2025-12-01,373.8,25,65,1
F010,2026-01-01,424.6,41,75,4
F010,2026-02-01,315.9,27,62,3
F010,2026-03-01,408.0,31,67,2
F010,2026-04-01,305.0,29,60,2
F010,2026-05-01,389.2,32,72,5
F010,2026-06-01,372.4,34,76,2
F010,2026-07-01,275.5,26,55,2
F010,2026-08-01,349.7,21,64,2
F011,2024-09-01,320.0,48,52,0
F011,2024-10-01,293.8,31,59,7
F011,2024-11-01,208.9,30,34,3
F011,2024-12-01,270.0,37,56,2
F011,2025-01-01,283.1,27,48,0
F011,2025-02-01,184.7,26,33,1
F011,2025-03-01,253.5,23,49,3
F011,2025-04-01,206.9,36,32,1
F011,2025-05-01,260.6,35,38,3
F011,2025-06-01,230.1,27,39,4
F011,2025-07-01,239.8,35,43,2
F011,2025-08-01,262.5,21,44,3
F011,2025-09-01,259.9,30,40,2
F011,2025-10-01,259.1,43,50,3
F011,2025-11-01,215.2,27,44,3
F011,2025-12-01,243.4,40,35,1
F011,2026-01-01,239.9,30,43,1
F011,2026-02-01,225.7,33,38,1
F011,2026-03-01,216.0,30,31,1
F011,2026-04-01,204.0,21,37,5
F011,2026-05-01,281.5,33,51,2
F011,2026-06-01,242.9,26,45,6
F011,2026-07-01,240.1,28,36,2
F011,2026-08-01,263.4,31,49,3
F012,2026-02-01,325.6,20,68,1
F012,2026-03-01,321.7,19,47,4
F012,2026-04-01,203.5,17,42,0
F012,2026-05-01,251.8,25,42,3
F012,2026-06-01,229.6,15,41,2
F012,2026-07-01,204.3,12,46,2
F012,2026-08-01,179.0,11,32,2
F013,2025-11-01,335.4,15,52,0
F013,2025-12-01,337.6,21,61,2
F013,2026-01-01,326.1,24,52,3
F013,2026-02-01,330.2,20,59,1
F013,2026-03-01,228.3,19,39,3
F013,2026-04-01,271.8,31,43,1
F013,2026-05-01,301.5,21,48,2
F013,2026-06-01,264.9,16,49,1
F013,2026-07-01,247.3,16,40,1
F013,2026-08-01,278.2,15,44,3
F014,2026-05-01,353.0,16,59,0
F014,2026-06-01,317.7,22,65,2
F014,2026-07-01,315.0,15,65,0
F014,2026-08-01,282.6,14,39,0
F015,2025-12-01,167.0,31,12,1
F015,2026-01-01,136.7,18,23,2
F015,2026-02-01,149.6,12,27,2
F015,2026-03-01,129.7,11,29,1
F015,2026-04-01,133.6,13,17,2
F015,2026-05-01,122.6,14,31,1
F015,2026-06-01,104.0,17,15,0
F015,2026-07-01,90.7,9,13,1
F015,2026-08-01,135.1,15,26,0
F016,2024-09-01,376.2,25,56,2
F016,2024-10-01,305.6,16,60,1
F016,2024-11-01,401.2,17,78,0
F016,2024-12-01,406.2,9,77,1
F016,2025-01-01,390.5,19,65,3
F016,2025-02-01,454.8,20,81,1
F016,2025-03-01,451.4,12,70,1
F016,2025-04-01,475.7,14,73,2
F016,2025-05-01,380.6,6,78,0
F016,2025-06-01,352.8,14,64,0
F016,2025-07-01,472.2,13,94,1
F016,2025-08-01,385.1,16,60,2
F016,2025-09-01,347.7,9,57,2
F016,2025-10-01,377.4,9,65,0
F016,2025-11-01,498.8,13,76,3
F016,2025-12-01,433.0,18,79,0
F016,2026-01-01,379.1,14,70,2
F016,2026-02-01,427.3,19,82,3
F016,2026-03-01,459.9,16,79,1
F016,2026-04-01,426.6,14,72,0
F016,2026-05-01,307.0,19,53,4
F016,2026-06-01,375.9,21,65,2
F016,2026-07-01,352.1,14,59,0
F016,2026-08-01,310.2,17,49,2
F017,2024-09-01,433.7,48,92,3
F017,2024-10-01,475.3,35,76,6
F017,2024-11-01,484.2,45,85,4
F017,2024-12-01,413.3,36,71,4
F017,2025-01-01,506.7,50,92,5
F017,2025-02-01,410.3,37,74,4
F017,2025-03-01,422.1,40,85,2
F017,2025-04-01,326.0,44,49,4
F017,2025-05-01,441.6,40,75,7
F017,2025-06-01,418.2,46,66,3
F017,2025-07-01,437.6,39,85,6
F017,2025-08-01,426.3,37,67,4
F017,2025-09-01,359.6,33,60,1
F017,2025-10-01,393.4,34,90,2
F017,2025-11-01,350.2,46,64,5
F017,2025-12-01,437.1,29,82,3
F017,2026-01-01,497.9,39,96,2
F017,2026-02-01,463.8,38,74,0
F017,2026-03-01,377.0,40,81,0
F017,2026-04-01,541.1,33,94,4
F017,2026-05-01,430.7,38,88,2
F017,2026-06-01,487.1,41,99,4
F017,2026-07-01,451.9,34,80,1
F017,2026-08-01,472.8,40,81,5
F018,2024-09-01,60.5,0,12,0
F018,2024-10-01,73.4,2,10,0
F018,2024-11-01,66.3,3,11,0
F018,2024-12-01,66.6,2,14,0
F018,2025-01-01,52.2,2,13,0
F018,2025-02-01,58.2,3,9,0
F018,2025-03-01,74.9,1,7,0
F018,2025-04-01,57.4,0,9,0
F018,2025-05-01,49.5,2,5,0
F018,2025-06-01,55.5,3,9,0
F018,2025-07-01,78.3,1,20,0
F018,2025-08-01,66.0,1,13,0
F018,2025-09-01,54.3,1,7,0
F018,2025-10-01,77.5,1,12,0
F018,2025-11-01,64.7,1,19,0
F018,2025-12-01,60.9,1,12,0
F018,2026-01-01,75.1,2,16,0
F018,2026-02-01,68.0,1,11,0
F018,2026-03-01,58.1,2,13,0
F018,2026-04-01,59.2,1,14,0
F018,2026-05-01,54.8,0,6,0
F018,2026-06-01,69.5,1,18,0
F018,2026-07-01,57.3,2,7,0
F018,2026-08-01,57.9,1,9,0
F019,2024-09-01,49.2,2,7,0
F019,2024-10-01,60.6,6,8,0
F019,2024-11-01,53.6,5,5,0
F019,2024-12-01,53.6,5,9,0
F019,2025-01-01,47.8,4,11,0
F019,2025-02-01,50.1,1,5,0
F019,2025-03-01,49.8,5,7,0
F019,2025-04-01,37.4,4,6,0
F019,2025-05-01,44.4,1,7,0
F019,2025-06-01,52.8,3,6,0
F019,2025-07-01,53.9,3,8,0
F019,2025-08-01,47.0,4,9,0
F019,2025-09-01,57.1,3,11,0
F019,2025-10-01,44.6,1,7,0
F019,2025-11-01,58.8,5,12,0
F019,2025-12-01,53.3,1,12,0
F019,2026-01-01,50.3,5,9,0
F019,2026-02-01,38.7,2,6,0
F019,2026-03-01,32.9,2,8,0
F019,2026-04-01,50.4,2,7,0
F019,2026-05-01,50.4,0,7,0
F019,2026-06-01,49.8,5,11,0
F019,2026-07-01,42.7,2,4,1
F019,2026-08-01,42.6,2,10,0
F020,2024-09-01,494.6,15,80,1
F020,2024-10-01,436.5,22,72,3
F020,2024-11-01,403.3,18,69,3
F020,2024-12-01,424.4,19,71,1
F020,2025-01-01,406.1,21,77,1
F020,2025-02-01,326.1,10,44,2
F020,2025-03-01,365.0,14,73,2
F020,2025-04-01,397.3,16,73,2
F020,2025-05-01,393.5,23,65,2
F020,2025-06-01,415.3,20,82,0
F020,2025-07-01,357.7,8,42,2
F020,2025-08-01,457.1,18,88,0
F020,2025-09-01,470.1,16,82,3
F020,2025-10-01,378.4,15,76,1
F020,2025-11-01,402.4,15,67,0
F020,2025-12-01,372.0,15,80,1
F020,2026-01-01,382.9,15,63,0
F020,2026-02-01,502.0,11,95,3
F020,2026-03-01,491.2,20,72,1
F020,2026-04-01,389.3,13,72,1
F020,2026-05-01,475.1,27,96,2
F020,2026-06-01,512.4,16,91,1
F020,2026-07-01,460.7,15,95,1
F020,2026-08-01,402.7,15,55,2
F021,2024-09-01,283.5,16,55,2
F021,2024-10-01,263.3,20,44,1
F021,2024-11-01,224.5,9,31,0
F021,2024-12-01,281.6,25,54,5
F021,2025-01-01,235.2,19,35,2
F021,2025-02-01,251.9,18,48,1
F021,2025-03-01,282.5,28,57,2
F021,2025-04-01,246.4,23,39,5
F021,2025-05-01,269.2,22,43,2
F021,2025-06-01,279.9,22,44,1
F021,2025-07-01,225.3,18,39,2
F021,2025-08-01,267.0,20,66,3
F021,2025-09-01,277.6,18,57,2
F021,2025-10-01,228.0,11,44,1
F021,2025-11-01,265.1,25,48,2
F021,2025-12-01,294.9,16,45,2
F021,2026-01-01,286.4,22,55,2
F021,2026-02-01,267.6,19,45,2
F021,2026-03-01,237.2,19,42,1
F021,2026-04-01,236.6,18,37,1
F021,2026-05-01,250.4,25,43,1
F021,2026-06-01,208.9,14,39,2
F021,2026-07-01,293.5,24,56,1
F021,2026-08-01,267.6,21,41,0
F022,2024-09-01,35.3,9,6,2
F022,2024-10-01,47.6,3,13,0
F022,2024-11-01,44.3,2,10,0
F022,2024-12-01,44.0,3,4,0
F022,2025-01-01,52.4,3,14,0
F022,2025-02-01,41.4,7,7,1
F022,2025-03-01,32.5,2,9,0
F022,2025-04-01,50.9,3,10,0
F022,2025-05-01,50.2,8,9,1
F022,2025-06-01,48.7,2,10,1
F022,2025-07-01,43.1,6,10,1
F022,2025-08-01,42.8,8,11,1
F022,2025-09-01,42.7,6,10,0
F022,2025-10-01,45.8,3,12,2
F022,2025-11-01,45.5,4,12,0
F022,2025-12-01,42.6,7,9,0
F022,2026-01-01,39.7,1,13,0
F022,2026-02-01,55.4,3,8,0
F022,2026-03-01,44.8,2,9,0
F022,2026-04-01,48.3,5,8,0
F022,2026-05-01,41.4,5,14,0
F022,2026-06-01,42.4,6,12,0
F022,2026-07-01,44.9,6,10,0
F022,2026-08-01,39.2,6,10,0
F023,2025-09-01,247.7,10,46,1
F023,2025-10-01,197.5,7,28,0
F023,2025-11-01,194.4,8,29,0
F023,2025-12-01,179.7,9,43,1
F023,2026-01-01,161.2,10,20,0
F023,2026-02-01,138.6,8,26,1
F023,2026-03-01,140.3,9,17,0
F023,2026-04-01,142.6,5,23,3
F023,2026-05-01,139.0,5,21,0
F023,2026-06-01,164.3,4,32,0
F023,2026-07-01,134.9,8,21,1
F023,2026-08-01,125.6,7,20,0
F024,2024-09-01,427.6,12,81,1
F024,2024-10-01,385.4,22,73,2
F024,2024-11-01,348.2,15,59,2
F024,2024-12-01,381.0,17,73,4
F024,2025-01-01,506.6,18,99,2
F024,2025-02-01,427.7,21,92,1
F024,2025-03-01,340.5,15,63,2
F024,2025-04-01,417.6,12,84,2
F024,2025-05-01,349.6,13,61,1
F024,2025-06-01,371.6,27,85,2
F024,2025-07-01,389.9,14,74,0
F024,2025-08-01,404.5,12,77,2
F024,2025-09-01,343.8,13,64,3
F024,2025-10-01,455.9,13,66,1
F024,2025-11-01,400.6,24,63,0
F024,2025-12-01,468.1,18,97,2
F024,2026-01-01,388.6,13,69,0
F024,2026-02-01,439.9,18,80,1
F024,2026-03-01,393.5,13,76,1
F024,2026-04-01,441.0,20,82,1
F024,2026-05-01,441.9,19,72,2
F024,2026-06-01,379.0,10,56,1
F024,2026-07-01,454.7,22,92,0
F024,2026-08-01,371.6,20,73,3
F025,2024-09-01,168.7,10,26,1
F025,2024-10-01,179.4,9,38,3
F025,2024-11-01,186.6,9,46,0
F025,2024-12-01,205.0,9,29,1
F025,2025-01-01,174.1,8,30,2
F025,2025-02-01,167.7,13,37,3
F025,2025-03-01,180.7,13,26,2
F025,2025-04-01,130.3,14,24,1
F025,2025-05-01,161.0,16,27,2
F025,2025-06-01,171.6,11,35,0
F025,2025-07-01,177.5,14,29,2
F025,2025-08-01,175.2,16,31,0
F025,2025-09-01,163.7,12,31,0
F025,2025-10-01,178.6,13,44,1
F025,2025-11-01,154.2,16,32,1
F025,2025-12-01,159.1,15,29,0
F025,2026-01-01,171.4,12,33,1
F025,2026-02-01,142.9,12,27,1
F025,2026-03-01,202.2,16,39,0
F025,2026-04-01,205.1,12,34,3
F025,2026-05-01,153.7,12,30,1
F025,2026-06-01,190.6,8,37,0
F025,2026-07-01,168.2,8,33,3
F025,2026-08-01,145.9,14,24,2
F026,2024-09-01,57.1,4,14,0
F026,2024-10-01,62.4,2,9,0
F026,2024-11-01,56.2,4,7,0
F026,2024-12-01,64.9,4,19,0
F026,2025-01-01,60.3,5,6,1
F026,2025-02-01,45.3,6,6,0
F026,2025-03-01,52.1,2,18,1
F026,2025-04-01,72.0,4,7,0
F026,2025-05-01,57.8,4,5,0
F026,2025-06-01,54.3,2,11,1
F026,2025-07-01,56.9,2,9,0
F026,2025-08-01,60.5,6,4,1
F026,2025-09-01,40.1,3,9,0
F026,2025-10-01,57.2,4,8,1
F026,2025-11-01,54.9,7,9,1
F026,2025-12-01,50.8,4,9,0
F026,2026-01-01,40.9,2,8,0
F026,2026-02-01,61.9,5,18,1
F026,2026-03-01,49.9,7,8,0
F026,2026-04-01,48.3,3,8,0
F026,2026-05-01,44.2,6,5,0
F026,2026-06-01,50.2,4,12,0
F026,2026-07-01,44.0,2,5,0
F026,2026-08-01,58.1,3,12,0
F027,2024-09-01,336.1,35,67,2
F027,2024-10-01,295.5,31,52,3
F027,2024-11-01,364.8,25,54,3
F027,2024-12-01,363.0,30,73,3
F027,2025-01-01,411.2,31,77,6
F027,2025-02-01,366.1,28,59,3
F027,2025-03-01,349.3,22,54,2
F027,2025-04-01,356.3,30,75,3
F027,2025-05-01,305.9,29,62,2
F027,2025-06-01,298.0,25,62,4
F027,2025-07-01,328.7,23,60,4
F027,2025-08-01,306.8,41,49,5
F027,2025-09-01,423.2,36,92,4
F027,2025-10-01,336.6,32,52,5
F027,2025-11-01,314.8,31,56,3
F027,2025-12-01,362.8,36,67,1
F027,2026-01-01,339.5,26,61,1
F027,2026-02-01,383.3,34,69,2
F027,2026-03-01,327.3,24,72,3
F027,2026-04-01,323.1,29,80,2
F027,2026-05-01,343.8,39,57,2
F027,2026-06-01,306.3,30,63,3
F027,2026-07-01,307.0,30,42,3
F027,2026-08-01,308.6,40,56,2
F028,2024-09-01,64.9,2,14,2
F028,2024-10-01,54.4,4,13,0
F028,2024-11-01,67.3,2,11,0
F028,2024-12-01,65.5,2,9,0
F028,2025-01-01,54.5,3,15,0
F028,2025-02-01,66.6,3,15,0
F028,2025-03-01,66.7,1,16,0
F028,2025-04-01,63.7,6,11,0
F028,2025-05-01,67.6,0,14,0
F028,2025-06-01,41.0,4,8,0
F028,2025-07-01,59.0,5,10,1
F028,2025-08-01,55.5,2,9,0
F028,2025-09-01,54.0,3,8,1
F028,2025-10-01,44.6,1,5,0
F028,2025-11-01,56.2,2,13,1
F028,2025-12-01,52.2,3,13,1
F028,2026-01-01,40.9,2,6,0
F028,2026-02-01,71.8,0,12,0
F028,2026-03-01,65.9,1,12,0
F028,2026-04-01,47.1,3,8,0
F028,2026-05-01,56.9,3,5,1
F028,2026-06-01,55.2,2,9,0
F028,2026-07-01,65.5,1,9,2
F028,2026-08-01,55.7,3,13,0
F029,2024-09-01,671.0,18,119,3
F029,2024-10-01,647.3,24,128,4
F029,2024-11-01,431.0,20,78,1
F029,2024-12-01,585.4,22,126,1
F029,2025-01-01,518.3,10,105,2
F029,2025-02-01,528.8,19,113,0
F029,2025-03-01,526.6,17,101,1
F029,2025-04-01,496.0,21,69,0
F029,2025-05-01,509.3,19,100,3
F029,2025-06-01,595.4,21,118,2
F029,2025-07-01,591.2,22,121,2
F029,2025-08-01,572.4,25,103,2
F029,2025-09-01,510.1,15,85,2
F029,2025-10-01,437.5,19,76,2
F029,2025-11-01,572.0,21,120,3
F029,2025-12-01,637.1,24,106,3
F029,2026-01-01,420.7,18,79,0
F029,2026-02-01,571.9,35,107,1
F029,2026-03-01,569.3,22,98,3
F029,2026-04-01,616.7,24,112,1
F029,2026-05-01,506.4,18,99,1
F029,2026-06-01,582.0,20,97,0
F029,2026-07-01,464.1,15,89,2
F029,2026-08-01,482.1,20,102,0
F030,2024-09-01,54.2,0,9,0
F030,2024-10-01,43.5,1,1,0
F030,2024-11-01,70.4,3,9,0
F030,2024-12-01,64.1,1,9,0
F030,2025-01-01,52.7,2,6,0
F030,2025-02-01,54.5,1,9,0
F030,2025-03-01,57.6,0,13,0
F030,2025-04-01,62.3,1,16,0
F030,2025-05-01,65.3,1,7,0
F030,2025-06-01,65.3,2,14,0
F030,2025-07-01,48.2,2,7,0
F030,2025-08-01,66.3,0,21,0
F030,2025-09-01,50.1,1,7,1
F030,2025-10-01,54.9,2,10,0
F030,2025-11-01,57.6,1,6,0
F030,2025-12-01,57.9,2,10,0
F030,2026-01-01,59.4,0,7,0
F030,2026-02-01,55.5,0,8,0
F030,2026-03-01,61.8,1,9,0
F030,2026-04-01,58.6,2,7,0
F030,2026-05-01,63.3,2,13,0
F030,2026-06-01,59.0,0,10,1
F030,2026-07-01,49.6,0,9,1
F030,2026-08-01,65.8,1,15,1
F031,2024-09-01,45.1,3,8,0
F031,2024-10-01,42.1,6,9,0
F031,2024-11-01,31.6,5,1,0
F031,2024-12-01,35.6,0,6,1
F031,2025-01-01,45.0,5,7,0
F031,2025-02-01,32.6,8,7,0
F031,2025-03-01,38.8,6,7,2
F031,2025-04-01,30.6,2,9,2
F031,2025-05-01,28.9,2,10,0
F031,2025-06-01,35.2,1,6,0
F031,2025-07-01,29.9,4,6,0
F031,2025-08-01,24.2,0,3,0
F031,2025-09-01,26.8,1,4,1
F031,2025-10-01,30.7,2,5,1
F031,2025-11-01,35.6,3,4,0
F031,2025-12-01,31.1,4,9,0
F031,2026-01-01,28.7,2,3,1
F031,2026-02-01,32.3,4,4,0
F031,2026-03-01,25.2,2,5,0
F031,2026-04-01,30.0,2,9,1
F031,2026-05-01,31.6,0,8,1
F031,2026-06-01,34.8,1,7,0
F031,2026-07-01,29.5,5,9,0
F031,2026-08-01,27.3,5,6,0
F032,2025-03-01,370.6,5,72,0
F032,2025-04-01,329.8,11,75,1
F032,2025-05-01,303.7,8,55,1
F032,2025-06-01,321.5,6,75,0
F032,2025-07-01,228.8,5,44,1
F032,2025-08-01,247.0,5,45,1
F032,2025-09-01,253.2,10,49,1
F032,2025-10-01,194.4,8,47,0
F032,2025-11-01,236.1,12,56,1
F032,2025-12-01,229.3,5,37,0
F032,2026-01-01,208.3,10,41,1
F032,2026-02-01,260.5,4,40,1
F032,2026-03-01,208.2,6,29,0
F032,2026-04-01,266.6,5,43,3
F032,2026-05-01,184.5,10,37,2
F032,2026-06-01,177.3,3,37,3
F032,2026-07-01,195.2,10,39,0
F032,2026-08-01,194.4,5,35,1
F033,2026-03-01,417.2,20,58,1
F033,2026-04-01,287.2,21,52,0
F033,2026-05-01,304.7,9,58,0
F033,2026-06-01,266.0,6,45,1
F033,2026-07-01,265.4,10,51,1
F033,2026-08-01,260.8,12,49,1
F034,2024-09-01,46.9,3,6,1
F034,2024-10-01,48.7,5,5,1
F034,2024-11-01,50.3,3,7,1
F034,2024-12-01,47.6,3,5,0
F034,2025-01-01,36.4,5,9,0
F034,2025-02-01,52.9,2,8,1
F034,2025-03-01,52.7,6,11,0
F034,2025-04-01,39.6,0,6,0
F034,2025-05-01,45.4,6,13,0
F034,2025-06-01,53.1,4,18,0
F034,2025-07-01,53.6,1,10,0
F034,2025-08-01,51.7,5,11,1
F034,2025-09-01,51.1,2,6,0
F034,2025-10-01,47.5,3,17,2
F034,2025-11-01,38.4,2,5,0
F034,2025-12-01,46.9,6,9,1
F034,2026-01-01,61.6,4,10,1
F034,2026-02-01,47.1,3,10,0
F034,2026-03-01,46.1,3,9,1
F034,2026-04-01,47.0,6,17,0
F034,2026-05-01,46.3,2,5,0
F034,2026-06-01,45.5,3,6,0
F034,2026-07-01,44.9,7,10,0
F034,2026-08-01,42.7,4,11,1
F035,2024-09-01,246.2,11,45,1
F035,2024-10-01,187.2,13,43,2
F035,2024-11-01,188.9,18,31,3
F035,2024-12-01,135.4,20,28,1
F035,2025-01-01,220.2,17,33,1
F035,2025-02-01,222.5,16,48,3
F035,2025-03-01,203.3,13,28,4
F035,2025-04-01,214.1,20,46,2
F035,2025-05-01,197.6,17,40,0
F035,2025-06-01,213.7,13,46,3
F035,2025-07-01,167.8,7,32,2
F035,2025-08-01,222.1,9,37,2
F035,2025-09-01,192.0,17,35,2
F035,2025-10-01,203.1,10,32,1
F035,2025-11-01,191.5,16,31,3
F035,2025-12-01,197.5,9,37,2
F035,2026-01-01,221.7,11,35,1
F035,2026-02-01,160.5,15,23,0
F035,2026-03-01,209.6,16,44,1
F035,2026-04-01,188.2,15,32,1
F035,2026-05-01,178.5,5,28,1
F035,2026-06-01,194.3,12,37,0
F035,2026-07-01,194.7,14,34,0
F035,2026-08-01,175.4,11,29,3
F036,2024-09-01,327.7,35,53,0
F036,2024-10-01,373.3,31,67,0
F036,2024-11-01,318.6,26,50,2
F036,2024-12-01,229.2,24,39,4
F036,2025-01-01,293.6,23,45,3
F036,2025-02-01,317.8,24,65,3
F036,2025-03-01,270.6,32,51,1
F036,2025-04-01,302.4,23,53,3
F036,2025-05-01,297.5,34,69,4
F036,2025-06-01,285.1,24,44,3
F036,2025-07-01,295.4,18,57,2
F036,2025-08-01,285.9,30,52,3
F036,2025-09-01,221.2,33,38,2
F036,2025-10-01,275.9,27,62,4
F036,2025-11-01,256.4,29,45,3
F036,2025-12-01,320.5,26,62,3
F036,2026-01-01,290.4,25,55,2
F036,2026-02-01,272.7,24,47,4
F036,2026-03-01,321.4,30,56,3
F036,2026-04-01,247.6,34,45,5
F036,2026-05-01,315.6,26,61,4
F036,2026-06-01,303.8,31,39,3
F036,2026-07-01,299.2,29,58,4
F036,2026-08-01,310.7,24,54,6
F037,2024-09-01,20.1,2,5,1
F037,2024-10-01,20.6,4,2,0
F037,2024-11-01,15.9,2,2,0
F037,2024-12-01,21.1,2,2,1
F037,2025-01-01,22.1,2,5,0
F037,2025-02-01,21.5,1,3,0
F037,2025-03-01,20.2,3,9,0
F037,2025-04-01,18.5,2,6,0
F037,2025-05-01,22.1,2,4,0
F037,2025-06-01,20.0,2,2,1
F037,2025-07-01,24.7,4,4,0
F037,2025-08-01,25.7,0,0,0
F037,2025-09-01,18.1,1,0,0
F037,2025-10-01,22.3,0,4,0
F037,2025-11-01,18.4,1,3,0
F037,2025-12-01,27.4,2,3,0
F037,2026-01-01,19.8,3,7,0
F037,2026-02-01,20.1,0,1,0
F037,2026-03-01,18.3,0,5,0
F037,2026-04-01,17.3,2,2,0
F037,2026-05-01,22.3,2,0,0
F037,2026-06-01,21.9,2,4,0
F037,2026-07-01,25.0,0,5,1
F037,2026-08-01,27.9,3,4,1
F038,2024-09-01,71.0,3,14,0
F038,2024-10-01,65.1,2,11,1
F038,2024-11-01,62.8,3,12,0
F038,2024-12-01,78.0,3,14,1
F038,2025-01-01,71.4,3,10,0
F038,2025-02-01,73.1,2,9,0
F038,2025-03-01,73.0,1,10,0
F038,2025-04-01,83.1,5,8,0
F038,2025-05-01,74.5,3,9,0
F038,2025-06-01,83.9,2,19,0
F038,2025-07-01,74.7,1,12,0
F038,2025-08-01,71.9,3,11,1
F038,2025-09-01,80.4,1,10,0
F038,2025-10-01,82.8,3,15,1
F038,2025-11-01,77.7,2,14,0
F038,2025-12-01,77.7,4,13,0
F038,2026-01-01,63.4,1,9,0
F038,2026-02-01,94.4,1,21,1
F038,2026-03-01,75.2,3,12,0
F038,2026-04-01,86.8,3,13,0
F038,2026-05-01,60.8,5,10,1
F038,2026-06-01,76.9,1,18,0
F038,2026-07-01,59.2,5,12,0
F038,2026-08-01,66.3,2,13,0
F039,2024-09-01,379.8,33,79,4
F039,2024-10-01,386.2,39,64,3
F039,2024-11-01,397.1,32,71,3
F039,2024-12-01,476.1,33,83,3
F039,2025-01-01,318.8,36,64,1
F039,2025-02-01,370.1,34,61,3
F039,2025-03-01,378.8,32,69,2
F039,2025-04-01,404.4,29,78,3
F039,2025-05-01,316.3,36,52,3
F039,2025-06-01,398.3,33,79,0
F039,2025-07-01,304.1,25,52,3
F039,2025-08-01,293.4,26,53,6
F039,2025-09-01,378.2,21,68,2
F039,2025-10-01,342.3,24,47,4
F039,2025-11-01,343.3,25,65,1
F039,2025-12-01,311.7,36,65,0
F039,2026-01-01,392.0,37,67,2
F039,2026-02-01,330.0,34,67,5
F039,2026-03-01,290.8,33,35,2
F039,2026-04-01,301.0,26,41,3
F039,2026-05-01,400.8,29,80,4
F039,2026-06-01,346.7,44,68,1
F039,2026-07-01,366.5,16,65,1
F039,2026-08-01,375.9,37,71,2
F040,2024-09-01,311.9,20,51,2
F040,2024-10-01,318.6,16,57,2
F040,2024-11-01,280.5,19,58,1
F040,2024-12-01,334.1,19,53,0
F040,2025-01-01,279.9,17,40,1
F040,2025-02-01,281.5,23,53,1
F040,2025-03-01,299.7,18,65,5
F040,2025-04-01,331.0,22,53,2
F040,2025-05-01,280.9,21,46,1
F040,2025-06-01,291.8,18,53,3
F040,2025-07-01,264.9,24,51,1
F040,2025-08-01,281.2,18,55,2
F040,2025-09-01,323.0,27,45,0
F040,2025-10-01,319.6,14,53,1
F040,2025-11-01,256.7,18,50,1
F040,2025-12-01,296.3,14,51,1
F040,2026-01-01,263.7,23,47,1
F040,2026-02-01,349.9,24,73,2
F040,2026-03-01,244.6,25,42,0
F040,2026-04-01,291.5,23,41,1
F040,2026-05-01,238.4,17,34,4
F040,2026-06-01,239.3,8,45,3
F040,2026-07-01,372.8,12,74,1
F040,2026-08-01,344.1,16,61,2
F041,2024-09-01,42.6,2,6,0
F041,2024-10-01,45.3,3,6,1
F041,2024-11-01,41.4,1,10,0
F041,2024-12-01,37.6,1,2,0
F041,2025-01-01,38.5,2,7,1
F041,2025-02-01,44.3,3,9,0
F041,2025-03-01,47.6,1,8,0
F041,2025-04-01,39.8,2,6,0
F041,2025-05-01,46.8,0,7,1
F041,2025-06-01,56.8,1,7,0
F041,2025-07-01,48.4,3,5,0
F041,2025-08-01,53.9,2,10,0
F041,2025-09-01,35.1,1,13,0
F041,2025-10-01,44.9,3,3,0
F041,2025-11-01,43.2,3,6,0
F041,2025-12-01,44.2,1,7,2
F041,2026-01-01,46.3,1,9,2
F041,2026-02-01,50.3,0,8,0
F041,2026-03-01,50.5,2,12,0
F041,2026-04-01,45.2,2,1,0
F041,2026-05-01,35.6,2,5,0
F041,2026-06-01,42.5,1,11,1
F041,2026-07-01,44.5,1,6,0
F041,2026-08-01,48.9,5,16,0
F042,2024-09-01,123.7,15,21,2
F042,2024-10-01,117.2,14,17,1
F042,2024-11-01,145.5,12,30,0
F042,2024-12-01,137.5,14,28,0
F042,2025-01-01,145.1,11,32,1
F042,2025-02-01,159.8,13,32,1
F042,2025-03-01,138.8,13,16,1
F042,2025-04-01,158.6,13,29,1
F042,2025-05-01,115.9,8,23,1
F042,2025-06-01,139.3,17,26,1
F042,2025-07-01,183.9,12,44,3
F042,2025-08-01,130.6,15,28,0
F042,2025-09-01,177.0,17,33,3
F042,2025-10-01,173.6,7,33,1
F042,2025-11-01,127.3,9,20,1
F042,2025-12-01,136.6,12,28,1
F042,2026-01-01,129.5,18,22,2
F042,2026-02-01,135.2,9,23,0
F042,2026-03-01,101.2,10,21,1
F042,2026-04-01,155.5,15,27,0
F042,2026-05-01,119.1,12,15,2
F042,2026-06-01,140.7,17,31,1
F042,2026-07-01,149.2,13,17,1
F042,2026-08-01,189.4,8,39,1
