feature_id,month,active_users
F001,2024-09-01,34173
F001,2024-10-01,35210
F001,2024-11-01,33010
F001,2024-12-01,34470
F001,2025-01-01,32740
F001,2025-02-01,34390
F001,2025-03-01,33959
F001,2025-04-01,35978
F001,2025-05-01,35600
F001,2025-06-01,34619
F001,2025-07-01,35970
F001,2025-08-01,36056
F001,2025-09-01,35212
F001,2025-10-01,33168
F001,2025-11-01,33141
F001,2025-12-01,34471
F001,2026-01-01,34824
F001,2026-02-01,35572
F001,2026-03-01,34478
F001,2026-04-01,35479
F001,2026-05-01,35208
F001,2026-06-01,33930
F001,2026-07-01,33494
F001,2026-08-01,34047
F002,2024-09-01,38660
F002,2024-10-01,37737
F002,2024-11-01,35956
F002,2024-12-01,40048
F002,2025-01-01,37782
F002,2025-02-01,36787
F002,2025-03-01,36654
F002,2025-04-01,34242
F002,2025-05-01,36195
F002,2025-06-01,36242
F002,2025-07-01,37567
F002,2025-08-01,36639
F002,2025-09-01,37005
F002,2025-10-01,36831
F002,2025-11-01,37347
F002,2025-12-01,36679
F002,2026-01-01,37345
F002,2026-02-01,35917
F002,2026-03-01,35927
F002,2026-04-01,34412
F002,2026-05-01,38586
F002,2026-06-01,36937
F002,2026-07-01,35501
F002,2026-08-01,37273
F003,2024-09-01,27723
F003,2024-10-01,26908
F003,2024-11-01,27488
F003,2024-12-01,26330
F003,2025-01-01,28623
F003,2025-02-01,28878
F003,2025-03-01,29659
F003,2025-04-01,28053
F003,2025-05-01,29071
F003,2025-06-01,28909
F003,2025-07-01,29342
F003,2025-08-01,28128
F003,2025-09-01,27455
F003,2025-10-01,28056
F003,2025-11-01,26943
F003,2025-12-01,28183
F003,2026-01-01,28891
F003,2026-02-01,28286
F003,2026-03-01,30438
F003,2026-04-01,27373
F003,2026-05-01,28483
F003,2026-06-01,28051
F003,2026-07-01,28360
F003,2026-08-01,28939
F004,2024-09-01,31331
F004,2024-10-01,31459
F004,2024-11-01,32210
F004,2024-12-01,31534
F004,2025-01-01,33794
F004,2025-02-01,33672
F004,2025-03-01,33707
F004,2025-04-01,33247
F004,2025-05-01,31325
F004,2025-06-01,30669
F004,2025-07-01,31982
F004,2025-08-01,33622
F004,2025-09-01,32243
F004,2025-10-01,31050
F004,2025-11-01,34264
F004,2025-12-01,37248
F004,2026-01-01,35391
F004,2026-02-01,32169
F004,2026-03-01,34538
F004,2026-04-01,32812
F004,2026-05-01,32984
F004,2026-06-01,33359
F004,2026-07-01,32765
F004,2026-08-01,31595
F005,2025-08-01,453
F005,2025-09-01,622
F005,2025-10-01,878
F005,2025-11-01,1275
F005,2025-12-01,1691
F005,2026-01-01,2433
F005,2026-02-01,3203
F005,2026-03-01,4266
F005,2026-04-01,5098
F005,2026-05-01,6285
F005,2026-06-01,8233
F005,2026-07-01,9602
F005,2026-08-01,11599
F006,2024-09-01,33558
F006,2024-10-01,32146
F006,2024-11-01,35054
F006,2024-12-01,34960
F006,2025-01-01,32023
F006,2025-02-01,31206
F006,2025-03-01,32893
F006,2025-04-01,32757
F006,2025-05-01,32003
F006,2025-06-01,32107
F006,2025-07-01,31662
F006,2025-08-01,31832
F006,2025-09-01,32529
F006,2025-10-01,34240
F006,2025-11-01,32615
F006,2025-12-01,35185
F006,2026-01-01,34312
F006,2026-02-01,34029
F006,2026-03-01,34686
F006,2026-04-01,33827
F006,2026-05-01,31912
F006,2026-06-01,32576
F006,2026-07-01,34070
F006,2026-08-01,32564
F007,2024-09-01,19789
F007,2024-10-01,19631
F007,2024-11-01,21057
F007,2024-12-01,19559
F007,2025-01-01,21173
F007,2025-02-01,19887
F007,2025-03-01,20133
F007,2025-04-01,20766
F007,2025-05-01,19925
F007,2025-06-01,19636
F007,2025-07-01,19916
F007,2025-08-01,18467
F007,2025-09-01,19057
F007,2025-10-01,18851
F007,2025-11-01,20580
F007,2025-12-01,20596
F007,2026-01-01,21109
F007,2026-02-01,19025
F007,2026-03-01,20936
F007,2026-04-01,20289
F007,2026-05-01,19261
F007,2026-06-01,18571
F007,2026-07-01,20043
F007,2026-08-01,18897
F008,2025-08-01,399
F008,2025-09-01,595
F008,2025-10-01,789
F008,2025-11-01,1118
F008,2025-12-01,1634
F008,2026-01-01,2175
F008,2026-02-01,2680
F008,2026-03-01,3883
F008,2026-04-01,4876
F008,2026-05-01,6603
F008,2026-06-01,8065
F008,2026-07-01,10312
F008,2026-08-01,11810
F009,2025-05-01,123
F009,2025-06-01,172
F009,2025-07-01,237
F009,2025-08-01,314
F009,2025-09-01,393
F009,2025-10-01,530
F009,2025-11-01,737
F009,2025-12-01,948
F009,2026-01-01,1255
F009,2026-02-01,1505
F009,2026-03-01,1972
F009,2026-04-01,2317
F009,2026-05-01,2853
F009,2026-06-01,3720
F009,2026-07-01,3961
F009,2026-08-01,4248
F010,2024-09-01,9541
F010,2024-10-01,9526
F010,2024-11-01,9354
F010,2024-12-01,9346
F010,2025-01-01,9444
F010,2025-02-01,8592
F010,2025-03-01,9780
F010,2025-04-01,9325
F010,2025-05-01,9728
F010,2025-06-01,8973
F010,2025-07-01,9956
F010,2025-08-01,9785
F010,2025-09-01,8990
F010,2025-10-01,9119
F010,2025-11-01,8660
F010,2025-12-01,8656
F010,2026-01-01,7910
F010,2026-02-01,8235
F010,2026-03-01,8061
F010,2026-04-01,8045
F010,2026-05-01,8110
F010,2026-06-01,8328
F010,2026-07-01,8277
F010,2026-08-01,7960
F011,2024-09-01,3621
F011,2024-10-01,3559
F011,2024-11-01,4052
F011,2024-12-01,4062
F011,2025-01-01,4228
F011,2025-02-01,4565
F011,2025-03-01,4624
F011,2025-04-01,4420
F011,2025-05-01,4291
F011,2025-06-01,4232
F011,2025-07-01,4066
F011,2025-08-01,3867
F011,2025-09-01,3727
F011,2025-10-01,3508
F011,2025-11-01,3378
F011,2025-12-01,3033
F011,2026-01-01,3198
F011,2026-02-01,3081
F011,2026-03-01,2980
F011,2026-04-01,2878
F011,2026-05-01,2802
F011,2026-06-01,2782
F011,2026-07-01,2831
F011,2026-08-01,2515
F012,2026-02-01,27
F012,2026-03-01,50
F012,2026-04-01,88
F012,2026-05-01,169
F012,2026-06-01,312
F012,2026-07-01,517
F012,2026-08-01,872
F013,2025-11-01,27
F013,2025-12-01,47
F013,2026-01-01,85
F013,2026-02-01,146
F013,2026-03-01,267
F013,2026-04-01,454
F013,2026-05-01,788
F013,2026-06-01,1321
F013,2026-07-01,2050
F013,2026-08-01,3244
F014,2026-05-01,96
F014,2026-06-01,193
F014,2026-07-01,353
F014,2026-08-01,712
F015,2025-12-01,43
F015,2026-01-01,78
F015,2026-02-01,128
F015,2026-03-01,223
F015,2026-04-01,373
F015,2026-05-01,630
F015,2026-06-01,1025
F015,2026-07-01,1678
F015,2026-08-01,2461
F016,2024-09-01,3179
F016,2024-10-01,3167
F016,2024-11-01,3143
F016,2024-12-01,2918
F016,2025-01-01,3022
F016,2025-02-01,2805
F016,2025-03-01,2777
F016,2025-04-01,2841
F016,2025-05-01,2798
F016,2025-06-01,2714
F016,2025-07-01,2865
F016,2025-08-01,2768
F016,2025-09-01,2642
F016,2025-10-01,2480
F016,2025-11-01,2467
F016,2025-12-01,2306
F016,2026-01-01,2199
F016,2026-02-01,2250
F016,2026-03-01,2104
F016,2026-04-01,2053
F016,2026-05-01,2001
F016,2026-06-01,2011
F016,2026-07-01,1962
F016,2026-08-01,1978
F017,2024-09-01,9066
F017,2024-10-01,9230
F017,2024-11-01,8938
F017,2024-12-01,9037
F017,2025-01-01,9413
F017,2025-02-01,8884
F017,2025-03-01,8662
F017,2025-04-01,8715
F017,2025-05-01,8638
F017,2025-06-01,8117
F017,2025-07-01,8702
F017,2025-08-01,8126
F017,2025-09-01,8542
F017,2025-10-01,8401
F017,2025-11-01,8626
F017,2025-12-01,9082
F017,2026-01-01,8755
F017,2026-02-01,9021
F017,2026-03-01,8637
F017,2026-04-01,8326
F017,2026-05-01,8305
F017,2026-06-01,8491
F017,2026-07-01,7776
F017,2026-08-01,8035
F018,2024-09-01,37978
F018,2024-10-01,41575
F018,2024-11-01,40371
F018,2024-12-01,39402
F018,2025-01-01,39883
F018,2025-02-01,39959
F018,2025-03-01,39020
F018,2025-04-01,36338
F018,2025-05-01,38436
F018,2025-06-01,38755
F018,2025-07-01,40038
F018,2025-08-01,41726
F018,2025-09-01,42576
F018,2025-10-01,42231
F018,2025-11-01,42896
F018,2025-12-01,43806
F018,2026-01-01,42217
F018,2026-02-01,42764
F018,2026-03-01,41578
F018,2026-04-01,41701
F018,2026-05-01,40270
F018,2026-06-01,41215
F018,2026-07-01,42994
F018,2026-08-01,43218
F019,2024-09-01,550
F019,2024-10-01,753
F019,2024-11-01,921
F019,2024-12-01,1140
F019,2025-01-01,1409
F019,2025-02-01,1513
F019,2025-03-01,1772
F019,2025-04-01,1983
F019,2025-05-01,1980
F019,2025-06-01,2020
F019,2025-07-01,2058
F019,2025-08-01,2106
F019,2025-09-01,2139
F019,2025-10-01,1895
F019,2025-11-01,2036
F019,2025-12-01,2052
F019,2026-01-01,2101
F019,2026-02-01,2046
F019,2026-03-01,2122
F019,2026-04-01,2199
F019,2026-05-01,2036
F019,2026-06-01,2051
F019,2026-07-01,2146
F019,2026-08-01,2148
F020,2024-09-01,2007
F020,2024-10-01,2098
F020,2024-11-01,1921
F020,2024-12-01,2104
F020,2025-01-01,2184
F020,2025-02-01,2274
F020,2025-03-01,2277
F020,2025-04-01,2192
F020,2025-05-01,2046
F020,2025-06-01,2180
F020,2025-07-01,2026
F020,2025-08-01,2003
F020,2025-09-01,2036
F020,2025-10-01,1961
F020,2025-11-01,2048
F020,2025-12-01,1903
F020,2026-01-01,2004
F020,2026-02-01,2012
F020,2026-03-01,1812
F020,2026-04-01,1793
F020,2026-05-01,1682
F020,2026-06-01,1660
F020,2026-07-01,1599
F020,2026-08-01,1573
F021,2024-09-01,1594
F021,2024-10-01,1609
F021,2024-11-01,1716
F021,2024-12-01,1585
F021,2025-01-01,1556
F021,2025-02-01,1474
F021,2025-03-01,1419
F021,2025-04-01,1437
F021,2025-05-01,1341
F021,2025-06-01,1254
F021,2025-07-01,1275
F021,2025-08-01,1336
F021,2025-09-01,1207
F021,2025-10-01,1218
F021,2025-11-01,1218
F021,2025-12-01,1128
F021,2026-01-01,1115
F021,2026-02-01,1059
F021,2026-03-01,1028
F021,2026-04-01,949
F021,2026-05-01,965
F021,2026-06-01,888
F021,2026-07-01,901
F021,2026-08-01,914
F022,2024-09-01,5833
F022,2024-10-01,5959
F022,2024-11-01,5509
F022,2024-12-01,5698
F022,2025-01-01,5644
F022,2025-02-01,6212
F022,2025-03-01,5923
F022,2025-04-01,5864
F022,2025-05-01,6124
F022,2025-06-01,5942
F022,2025-07-01,6076
F022,2025-08-01,5882
F022,2025-09-01,5849
F022,2025-10-01,6128
F022,2025-11-01,5737
F022,2025-12-01,5607
F022,2026-01-01,5828
F022,2026-02-01,5895
F022,2026-03-01,6061
F022,2026-04-01,6226
F022,2026-05-01,6072
F022,2026-06-01,5985
F022,2026-07-01,5884
F022,2026-08-01,6103
F023,2025-09-01,1162
F023,2025-10-01,1614
F023,2025-11-01,2139
F023,2025-12-01,2954
F023,2026-01-01,3783
F023,2026-02-01,5079
F023,2026-03-01,6713
F023,2026-04-01,8317
F023,2026-05-01,10739
F023,2026-06-01,13296
F023,2026-07-01,15814
F023,2026-08-01,19835
F024,2024-09-01,6267
F024,2024-10-01,6418
F024,2024-11-01,6654
F024,2024-12-01,6599
F024,2025-01-01,6414
F024,2025-02-01,6709
F024,2025-03-01,5984
F024,2025-04-01,6086
F024,2025-05-01,5707
F024,2025-06-01,5787
F024,2025-07-01,5909
F024,2025-08-01,5215
F024,2025-09-01,5586
F024,2025-10-01,5777
F024,2025-11-01,5418
F024,2025-12-01,5663
F024,2026-01-01,5628
F024,2026-02-01,5099
F024,2026-03-01,4979
F024,2026-04-01,4502
F024,2026-05-01,4766
F024,2026-06-01,4584
F024,2026-07-01,4363
F024,2026-08-01,4543
F025,2024-09-01,10560
F025,2024-10-01,10515
F025,2024-11-01,10542
F025,2024-12-01,10029
F025,2025-01-01,10500
F025,2025-02-01,9361
F025,2025-03-01,9244
F025,2025-04-01,8973
F025,2025-05-01,8966
F025,2025-06-01,8673
F025,2025-07-01,8394
F025,2025-08-01,8085
F025,2025-09-01,7777
F025,2025-10-01,6690
F025,2025-11-01,6300
F025,2025-12-01,5939
F025,2026-01-01,5799
F025,2026-02-01,5361
F025,2026-03-01,5117
F025,2026-04-01,4829
F025,2026-05-01,4777
F025,2026-06-01,4551
F025,2026-07-01,4443
F025,2026-08-01,4338
F026,2024-09-01,4088
F026,2024-10-01,5033
F026,2024-11-01,5730
F026,2024-12-01,5834
F026,2025-01-01,6327
F026,2025-02-01,6832
F026,2025-03-01,6613
F026,2025-04-01,6331
F026,2025-05-01,6501
F026,2025-06-01,6761
F026,2025-07-01,6413
F026,2025-08-01,6606
F026,2025-09-01,7173
F026,2025-10-01,6650
F026,2025-11-01,6958
F026,2025-12-01,7222
F026,2026-01-01,7071
F026,2026-02-01,6963
F026,2026-03-01,7112
F026,2026-04-01,6778
F026,2026-05-01,6622
F026,2026-06-01,6469
F026,2026-07-01,6979
F026,2026-08-01,6481
F027,2024-09-01,5258
F027,2024-10-01,5622
F027,2024-11-01,5496
F027,2024-12-01,5614
F027,2025-01-01,5526
F027,2025-02-01,5591
F027,2025-03-01,5424
F027,2025-04-01,5522
F027,2025-05-01,5126
F027,2025-06-01,5178
F027,2025-07-01,5124
F027,2025-08-01,4787
F027,2025-09-01,5017
F027,2025-10-01,4987
F027,2025-11-01,4783
F027,2025-12-01,4824
F027,2026-01-01,5097
F027,2026-02-01,4707
F027,2026-03-01,4650
F027,2026-04-01,4364
F027,2026-05-01,4258
F027,2026-06-01,4249
F027,2026-07-01,4139
F027,2026-08-01,4009
F028,2024-09-01,8535
F028,2024-10-01,8216
F028,2024-11-01,7917
F028,2024-12-01,8507
F028,2025-01-01,8007
F028,2025-02-01,8059
F028,2025-03-01,8149
F028,2025-04-01,8743
F028,2025-05-01,8854
F028,2025-06-01,8177
F028,2025-07-01,8658
F028,2025-08-01,8301
F028,2025-09-01,8275
F028,2025-10-01,8042
F028,2025-11-01,7969
F028,2025-12-01,7525
F028,2026-01-01,8063
F028,2026-02-01,7760
F028,2026-03-01,8222
F028,2026-04-01,7841
F028,2026-05-01,8265
F028,2026-06-01,8928
F028,2026-07-01,8557
F028,2026-08-01,8274
F029,2024-09-01,36951
F029,2024-10-01,36755
F029,2024-11-01,37914
F029,2024-12-01,39573
F029,2025-01-01,38019
F029,2025-02-01,39241
F029,2025-03-01,38261
F029,2025-04-01,37356
F029,2025-05-01,37187
F029,2025-06-01,38041
F029,2025-07-01,37488
F029,2025-08-01,38007
F029,2025-09-01,37884
F029,2025-10-01,37874
F029,2025-11-01,38642
F029,2025-12-01,39818
F029,2026-01-01,39361
F029,2026-02-01,41242
F029,2026-03-01,39889
F029,2026-04-01,41412
F029,2026-05-01,39970
F029,2026-06-01,38292
F029,2026-07-01,40642
F029,2026-08-01,37955
F030,2024-09-01,9487
F030,2024-10-01,9066
F030,2024-11-01,9034
F030,2024-12-01,9211
F030,2025-01-01,8686
F030,2025-02-01,8445
F030,2025-03-01,8395
F030,2025-04-01,9240
F030,2025-05-01,8917
F030,2025-06-01,9108
F030,2025-07-01,9817
F030,2025-08-01,9867
F030,2025-09-01,9362
F030,2025-10-01,9222
F030,2025-11-01,9933
F030,2025-12-01,9401
F030,2026-01-01,9423
F030,2026-02-01,9126
F030,2026-03-01,9003
F030,2026-04-01,9405
F030,2026-05-01,9185
F030,2026-06-01,9604
F030,2026-07-01,9991
F030,2026-08-01,9953
F031,2024-09-01,15
F031,2024-10-01,27
F031,2024-11-01,48
F031,2024-12-01,89
F031,2025-01-01,149
F031,2025-02-01,258
F031,2025-03-01,414
F031,2025-04-01,681
F031,2025-05-01,906
F031,2025-06-01,1170
F031,2025-07-01,1449
F031,2025-08-01,1512
F031,2025-09-01,1550
F031,2025-10-01,1654
F031,2025-11-01,1507
F031,2025-12-01,1590
F031,2026-01-01,1686
F031,2026-02-01,1782
F031,2026-03-01,1740
F031,2026-04-01,1781
F031,2026-05-01,1708
F031,2026-06-01,1788
F031,2026-07-01,1717
F031,2026-08-01,1744
F032,2025-03-01,26
F032,2025-04-01,36
F032,2025-05-01,50
F032,2025-06-01,73
F032,2025-07-01,99
F032,2025-08-01,140
F032,2025-09-01,197
F032,2025-10-01,257
F032,2025-11-01,374
F032,2025-12-01,490
F032,2026-01-01,709
F032,2026-02-01,989
F032,2026-03-01,1213
F032,2026-04-01,1630
F032,2026-05-01,2081
F032,2026-06-01,2731
F032,2026-07-01,3044
F032,2026-08-01,3720
F033,2026-03-01,90
F033,2026-04-01,148
F033,2026-05-01,263
F033,2026-06-01,417
F033,2026-07-01,742
F033,2026-08-01,1235
F034,2024-09-01,18716
F034,2024-10-01,19795
F034,2024-11-01,18999
F034,2024-12-01,19324
F034,2025-01-01,19576
F034,2025-02-01,19236
F034,2025-03-01,20259
F034,2025-04-01,19459
F034,2025-05-01,19305
F034,2025-06-01,19304
F034,2025-07-01,19425
F034,2025-08-01,19130
F034,2025-09-01,19372
F034,2025-10-01,19596
F034,2025-11-01,18929
F034,2025-12-01,19842
F034,2026-01-01,19729
F034,2026-02-01,20508
F034,2026-03-01,19467
F034,2026-04-01,19125
F034,2026-05-01,20115
F034,2026-06-01,17959
F034,2026-07-01,20060
F034,2026-08-01,17942
F035,2024-09-01,12257
F035,2024-10-01,12230
F035,2024-11-01,11571
F035,2024-12-01,12095
F035,2025-01-01,11570
F035,2025-02-01,11914
F035,2025-03-01,11591
F035,2025-04-01,11565
F035,2025-05-01,12336
F035,2025-06-01,11929
F035,2025-07-01,12468
F035,2025-08-01,11836
F035,2025-09-01,10880
F035,2025-10-01,9818
F035,2025-11-01,9075
F035,2025-12-01,8361
F035,2026-01-01,7939
F035,2026-02-01,7545
F035,2026-03-01,7144
F035,2026-04-01,6677
F035,2026-05-01,6375
F035,2026-06-01,6170
F035,2026-07-01,5653
F035,2026-08-01,5145
F036,2024-09-01,5336
F036,2024-10-01,5382
F036,2024-11-01,5874
F036,2024-12-01,5598
F036,2025-01-01,5353
F036,2025-02-01,5435
F036,2025-03-01,4867
F036,2025-04-01,5144
F036,2025-05-01,4925
F036,2025-06-01,4399
F036,2025-07-01,4998
F036,2025-08-01,4448
F036,2025-09-01,4634
F036,2025-10-01,4587
F036,2025-11-01,4699
F036,2025-12-01,4416
F036,2026-01-01,4601
F036,2026-02-01,3976
F036,2026-03-01,4204
F036,2026-04-01,3747
F036,2026-05-01,3681
F036,2026-06-01,3599
F036,2026-07-01,3673
F036,2026-08-01,3465
F037,2024-09-01,4891
F037,2024-10-01,5325
F037,2024-11-01,5067
F037,2024-12-01,5044
F037,2025-01-01,5299
F037,2025-02-01,5349
F037,2025-03-01,5592
F037,2025-04-01,5517
F037,2025-05-01,5061
F037,2025-06-01,5188
F037,2025-07-01,4937
F037,2025-08-01,4878
F037,2025-09-01,5020
F037,2025-10-01,4747
F037,2025-11-01,5083
F037,2025-12-01,5276
F037,2026-01-01,5138
F037,2026-02-01,5139
F037,2026-03-01,5240
F037,2026-04-01,5354
F037,2026-05-01,4891
F037,2026-06-01,5141
F037,2026-07-01,4896
F037,2026-08-01,4659
F038,2024-09-01,43290
F038,2024-10-01,41592
F038,2024-11-01,41210
F038,2024-12-01,42490
F038,2025-01-01,39776
F038,2025-02-01,39601
F038,2025-03-01,40971
F038,2025-04-01,40125
F038,2025-05-01,40969
F038,2025-06-01,40965
F038,2025-07-01,39365
F038,2025-08-01,39523
F038,2025-09-01,41802
F038,2025-10-01,42294
F038,2025-11-01,41261
F038,2025-12-01,40205
F038,2026-01-01,40333
F038,2026-02-01,39149
F038,2026-03-01,36515
F038,2026-04-01,38778
F038,2026-05-01,38461
F038,2026-06-01,38348
F038,2026-07-01,38159
F038,2026-08-01,38596
F039,2024-09-01,32286
F039,2024-10-01,32662
F039,2024-11-01,35252
F039,2024-12-01,32723
F039,2025-01-01,34552
F039,2025-02-01,34309
F039,2025-03-01,31088
F039,2025-04-01,31362
F039,2025-05-01,32991
F039,2025-06-01,31287
F039,2025-07-01,30756
F039,2025-08-01,29923
F039,2025-09-01,30465
F039,2025-10-01,31371
F039,2025-11-01,32475
F039,2025-12-01,31895
F039,2026-01-01,31953
F039,2026-02-01,33363
F039,2026-03-01,32573
F039,2026-04-01,32925
F039,2026-05-01,32190
F039,2026-06-01,30712
F039,2026-07-01,30951
F039,2026-08-01,30443
F040,2024-09-01,6675
F040,2024-10-01,6798
F040,2024-11-01,6737
F040,2024-12-01,6792
F040,2025-01-01,6739
F040,2025-02-01,6233
F040,2025-03-01,6434
F040,2025-04-01,6333
F040,2025-05-01,6055
F040,2025-06-01,5808
F040,2025-07-01,5823
F040,2025-08-01,5511
F040,2025-09-01,5018
F040,2025-10-01,5150
F040,2025-11-01,4800
F040,2025-12-01,4704
F040,2026-01-01,4749
F040,2026-02-01,4919
F040,2026-03-01,4585
F040,2026-04-01,4354
F040,2026-05-01,4604
F040,2026-06-01,4209
F040,2026-07-01,4058
F040,2026-08-01,3848
F041,2024-09-01,6117
F041,2024-10-01,6546
F041,2024-11-01,6161
F041,2024-12-01,6142
F041,2025-01-01,6391
F041,2025-02-01,5956
F041,2025-03-01,6265
F041,2025-04-01,5558
F041,2025-05-01,6051
F041,2025-06-01,6067
F041,2025-07-01,6064
F041,2025-08-01,6288
F041,2025-09-01,6043
F041,2025-10-01,6198
F041,2025-11-01,6509
F041,2025-12-01,6080
F041,2026-01-01,6468
F041,2026-02-01,6411
F041,2026-03-01,6111
F041,2026-04-01,6195
F041,2026-05-01,5987
F041,2026-06-01,6024
F041,2026-07-01,6121
F041,2026-08-01,6099
F042,2024-09-01,6450
F042,2024-10-01,6172
F042,2024-11-01,6223
F042,2024-12-01,6075
F042,2025-01-01,5774
F042,2025-02-01,5826
F042,2025-03-01,5585
F042,2025-04-01,6020
F042,2025-05-01,6193
F042,2025-06-01,5980
F042,2025-07-01,5862
F042,2025-08-01,6048
F042,2025-09-01,5681
F042,2025-10-01,5565
F042,2025-11-01,5099
F042,2025-12-01,4668
F042,2026-01-01,4524
F042,2026-02-01,4122
F042,2026-03-01,3990
F042,2026-04-01,3787
F042,2026-05-01,3748
F042,2026-06-01,3467
F042,2026-07-01,3595
F042,2026-08-01,3320
